"";"author";"title";"date";"filename";"century";"words";"rank_0_lemma";"rank_0_score";"rank_1_lemma";"rank_1_score";"rank_2_lemma";"rank_2_score";"rank_3_lemma";"rank_3_score";"rank_4_lemma";"rank_4_score";"rank_5_lemma";"rank_5_score";"rank_6_lemma";"rank_6_score";"rank_7_lemma";"rank_7_score";"rank_8_lemma";"rank_8_score";"rank_9_lemma";"rank_9_score";"rank_10_lemma";"rank_10_score";"rank_11_lemma";"rank_11_score";"rank_12_lemma";"rank_12_score";"rank_13_lemma";"rank_13_score";"rank_14_lemma";"rank_14_score";"rank_15_lemma";"rank_15_score";"rank_16_lemma";"rank_16_score";"rank_17_lemma";"rank_17_score";"rank_18_lemma";"rank_18_score";"rank_19_lemma";"rank_19_score";"rank_20_lemma";"rank_20_score";"rank_21_lemma";"rank_21_score";"rank_22_lemma";"rank_22_score";"rank_23_lemma";"rank_23_score";"rank_24_lemma";"rank_24_score";"rank_25_lemma";"rank_25_score";"rank_26_lemma";"rank_26_score";"rank_27_lemma";"rank_27_score";"rank_28_lemma";"rank_28_score";"rank_29_lemma";"rank_29_score";"rank_30_lemma";"rank_30_score";"rank_31_lemma";"rank_31_score";"rank_32_lemma";"rank_32_score";"rank_33_lemma";"rank_33_score";"rank_34_lemma";"rank_34_score";"rank_35_lemma";"rank_35_score";"rank_36_lemma";"rank_36_score";"rank_37_lemma";"rank_37_score";"rank_38_lemma";"rank_38_score";"rank_39_lemma";"rank_39_score";"rank_40_lemma";"rank_40_score";"rank_41_lemma";"rank_41_score";"rank_42_lemma";"rank_42_score";"rank_43_lemma";"rank_43_score";"rank_44_lemma";"rank_44_score";"rank_45_lemma";"rank_45_score";"rank_46_lemma";"rank_46_score";"rank_47_lemma";"rank_47_score";"rank_48_lemma";"rank_48_score";"rank_49_lemma";"rank_49_score"
"0";"José de Anchieta";"Feitos de Mem de Sá";"1560";"anchieta1560.txt";"16th Century";"27163";",";"2098";"a";"2044";"de";"2015";"o";"1499";"e";"1123";".";"954";"em";"664";"que";"578";"com";"379";":";"268";"se";"259";"por";"246";"todo";"163";"seu";"155";"!";"136";"para";"126";"não";"121";"um";"120";"inimigo";"118";"ser";"116";"morte";"98";"já";"96";"?";"96";"terra";"89";"ir";"81";"peito";"79";"chefe";"79";"teu";"78";"ele";"78";"sangue";"77";";";"76";"feroz";"69";"mar";"69";"cristo";"68";"como";"67";"sua";"67";"celeste";"65";"céu";"60";"onda";"58";"força";"57";"divino";"56";"guerra";"55";"te";"55";"quando";"55";"selvagem";"54";"erguer";"53";"vida";"52";"mais";"52";"corpo";"52";"poder";"51"
"1";"José de Anchieta";"Auto de Sao Lourenco";"1586";"anchieta1586.txt";"16th Century";"6896";",";"660";".";"420";"que";"301";"de";"282";"a";"271";"o";"214";"e";"191";"ser";"157";"em";"154";"!";"140";"com";"94";"não";"89";"por";"83";"me";"80";"?";"79";"te";"72";"se";"64";"aimbirê";"62";"deus";"59";"ir";"59";"saravaia";"52";"seu";"48";"guaixará";"45";"fogo";"44";"meu";"42";"teu";"42";"para";"42";"dar";"39";"ter";"38";"todo";"38";"lourenço";"35";"bem";"35";"ver";"34";"pois";"34";"estar";"32";"como";"32";"mais";"31";"aqui";"28";"eu";"26";"um";"26";"tu";"25";"anjo";"24";"vir";"24";"nosso";"24";"tão";"24";"alma";"23";"amar";"22";"querer";"22";"quem";"22";"fazer";"22"
"2";"Joao de Barros";"Gramática";"1540";"barros1540.txt";"16th Century";"51060";",";"5216";"de";"3239";"a";"2380";"e";"2062";"o";"1963";"que";"1917";".";"1480";"em";"1172";"ser";"857";"se";"706";":";"694";"não";"615";"por";"597";"com";"550";"dizer";"422";"para";"421";";";"379";"como";"330";"um";"304";"seu";"303";"deus";"297";"sua";"293";"mais";"285";"porque";"253";"outro";"246";"ter";"239";"ir";"239";"fazer";"211";"mesmo";"201";"haver";"200";"este";"198";"santo";"193";"uma";"193";"ou";"184";"todo";"176";"ele";"169";"?";"168";"esta";"167";"alma";"167";"estar";"166";"lhe";"166";"dar";"160";"poder";"158";"et";"152";"são";"145";"ver";"119";"amigo";"119";"assim";"118";"quem";"116";"me";"116"
"3";"Pero Vaz de Caminha";"Carta a Manuel I";"1550";"caminha1500.txt";"16th Century";"7915";",";"862";"e";"483";"de";"478";".";"371";"a";"359";"que";"315";"o";"227";"em";"141";"por";"121";"com";"114";"ele";"106";"não";"103";"ser";"87";"se";"81";";";"78";"todo";"77";"um";"77";"para";"75";"ir";"73";"muito";"63";"fazer";"62";"outro";"61";"capitão";"56";"mais";"56";"ou";"51";"assim";"50";"dar";"50";"andar";"49";"ali";"48";"como";"47";"uma";"47";"nós";"47";"terra";"46";"haver";"43";"ver";"41";"bem";"40";"trazer";"35";"vir";"34";"nau";"33";"estar";"33";"mandar";"33";"parecer";"31";"dizer";"31";"algum";"31";"logo";"31";"vossa";"30";"entre";"30";"tomar";"29";"nem";"29";"ter";"29"
"4";"Luis de Camoes";"Os Lusíadas";"1572";"camoes1572.txt";"16th Century";"55474";",";"6750";"que";"2742";"de";"2714";"a";"2685";"o";"2366";"e";"2215";".";"1590";"em";"1182";";";"923";"se";"836";"«";"686";"por";"638";"não";"584";"ser";"503";"com";"477";"ir";"382";"ter";"376";"ver";"358";"lhe";"318";"já";"306";"mas";"284";"mais";"279";"fazer";"278";"gente";"277";"terra";"271";"seu";"263";"todo";"243";"um";"232";"quem";"229";"rei";"223";"mar";"212";"estar";"208";"tão";"207";":";"207";"grande";"196";"dar";"195";"como";"195";"tanto";"184";"vir";"170";"co";"164";"poder";"155";"outro";"151";"dizer";"150";"do";"144";"os";"136";"só";"135";"ou";"124";"!";"119";"ele";"112";"ali";"112"
"5";"Luís de Camoes";"Sonetos";"1550";"camoes16th.txt";"16th Century";"15198";",";"1756";"que";"769";"de";"671";"a";"603";".";"499";"o";"442";"e";"412";"em";"412";"se";"306";";";"262";"me";"257";"não";"245";"ser";"191";"por";"159";"\txt";"153";"@card@";"152";"\num";"151";"ver";"149";"ter";"122";"tão";"115";"!";"114";"mais";"108";"com";"106";"mas";"102";"meu";"101";"amor";"101";"poder";"96";"quem";"94";"já";"89";"ir";"89";"vos";"83";"?";"82";"um";"78";"fazer";"74";"querer";"73";"minha";"72";"bem";"69";"estar";"68";"eu";"68";"vida";"67";"mal";"59";"como";"58";"porque";"58";"vós";"56";"tanto";"54";"seu";"54";"dar";"54";"só";"54";"para";"52";":";"52"
"6";"Pero de Magalhaes Gandavo";"História da Província Santa Cruz";"1576";"gandavo1576.txt";"16th Century";"21537";"de";"1526";",";"1452";"e";"1070";"que";"1030";"a";"918";"em";"604";"o";"582";".";"510";"se";"373";"por";"321";"nam";"241";"ter";"211";"outro";"206";"com";"205";"como";"201";"mais";"183";"todo";"174";"terra";"167";"muito";"161";"ser";"153";":";"145";"fazer";"136";"ha";"135";"sua";"128";"parte";"127";"he";"121";"para";"119";"esta";"116";"sam";"113";"mui";"113";"huma";"110";"ir";"109";"hum";"99";"ou";"92";"mesmo";"88";"maneira";"88";"assi";"87";"seu";"86";"nem";"86";"grande";"84";"muita";"83";"tam";"83";"tambem";"79";"alguma";"79";"porque";"78";"poder";"78";"estar";"76";"quaes";"74";"qual";"73";"este";"73"
"7";"Francisco Guerreiro";"Itinerário da Viagem que Fez a Jerusalém o M.R.P.";"1550";"guerreiro16th.txt";"16th Century";"17304";",";"2404";"de";"1235";"e";"963";"a";"846";"que";"814";"o";"636";".";"573";"em";"499";"por";"259";";";"239";"estar";"208";"se";"170";"com";"149";"hum";"148";"para";"145";"huma";"138";"he";"135";"nos";"129";"senhor";"126";"nosso";"124";"ter";"118";"cidade";"109";"não";"105";"todo";"99";"mais";"93";"ver";"88";"ser";"87";"santa";"86";"dizer";"86";"muito";"83";"esta";"83";"igreja";"80";"sua";"78";"lugar";"78";"este";"75";"muita";"73";"christo";"71";"como";"69";"outro";"68";"fazer";"64";"dia";"63";"ha";"63";"casa";"62";"seu";"58";"porque";"58";"foy";"57";"me";"51";"grande";"51";"aqui";"51";":";"50"
"8";"Francisco de Holanda";"Da Pintura Antiga";"1548";"holanda1548.txt";"16th Century";"49038";",";"4043";"e";"3451";"de";"2866";"a";"2359";"que";"2236";"o";"1686";"em";"1271";".";"1067";"ser";"946";"não";"672";"se";"651";"com";"495";";";"480";"fazer";"468";"como";"453";"por";"407";"mais";"389";"ou";"383";"muito";"366";"pintura";"355";"ter";"334";"todo";"314";"para";"294";"mas";"268";"coisa";"265";"outro";"261";"sua";"254";"nem";"246";"um";"237";"eu";"231";"pintar";"220";"assi";"213";"dizer";"202";"poder";"196";"pintor";"195";"grande";"193";"saber";"193";"obra";"189";"seu";"188";"uma";"188";"querer";"187";"ir";"179";"ver";"178";"porque";"162";":";"155";"me";"148";"homem";"147";"mesmo";"145";"pouco";"136";"lhe";"135"
"9";"Fernao Mendes Pinto";"Peregrinacao";"1510";"pinto1510.txt";"16th Century";"44212";",";"4453";"de";"3511";"que";"2484";"e";"1994";"a";"1731";"o";"1204";"em";"1093";"por";"781";"com";"660";"se";"585";".";"514";"ser";"504";"lhe";"375";"ir";"355";"para";"339";"fazer";"335";"não";"329";"todo";"319";"ter";"314";"muito";"299";"mais";"299";"um";"292";"me";"289";"como";"289";"ele";"275";"estar";"249";"qual";"227";"nos";"216";"dizer";"209";"uma";"208";"outro";"190";"dar";"183";"seu";"182";"porque";"177";"dia";"175";"sua";"173";"haver";"169";"ver";"160";"poder";"153";"eu";"147";"já";"146";"vir";"145";"grande";"143";"mandar";"141";"terra";"135";"este";"132";"tão";"132";"querer";"125";"onde";"122";"capitão";"120"
"10";"Luis de Sousa";"A Vida de Frei Bartolomeu dos Mártires (Edited Orthography)";"1556";"sousa1556.txt";"16th Century";"52595";",";"4890";"de";"3853";"e";"2975";"que";"2514";"a";"2321";"o";"1874";"em";"1541";".";"1231";"ser";"807";"com";"691";"se";"663";"não";"594";"por";"523";";";"426";"todo";"407";"ir";"396";"para";"381";"como";"368";"ter";"356";"fazer";"340";"um";"331";"sua";"329";"mais";"328";"haver";"315";"lhe";"278";"seu";"252";"dar";"248";"ele";"229";"arcebispo";"216";"uma";"215";"muito";"202";"dizer";"181";"porque";"177";"outro";"173";"estar";"154";"grande";"154";"ver";"151";"poder";"149";"esperar";"148";"tempo";"144";"ou";"144";"nem";"142";"mas";"139";"esta";"138";"tão";"135";"bem";"132";":";"129";"dia";"129";"santo";"128";"quem";"125"
"11";"Gil Vicente";"Mixed Texts";"1550";"vicente16th.txt";"16th Century";"125944";",";"13660";".";"6286";":";"5700";"que";"5233";"e";"5119";"de";"5057";"a";"4426";"o";"3141";"ser";"2661";"em";"2212";"não";"2056";"?";"1608";"!";"1535";"ir";"1430";"eu";"1339";"dizer";"1186";";";"1146";"se";"1104";"por";"937";"me";"886";"fazer";"870";"haver";"845";"ter";"826";"com";"765";"vir";"733";"querer";"718";"senhor";"711";"ver";"705";"dar";"685";"um";"654";"como";"620";"vós";"610";"mais";"604";"bem";"595";"estar";"584";"porque";"558";"vos";"512";"meu";"510";"saber";"490";"d’";"487";"deus";"482";"para";"470";"todo";"456";"tu";"455";"quem";"454";"ele";"442";"minha";"440";"muito";"428";"aqui";"406";"pois";"386"
"12";"Manuel Pires de Almeida";"Poesia e Pintura";"1633";"almeida1633.txt";"17th Century";"24763";",";"2842";"de";"1551";"a";"1372";"e";"1158";"o";"766";"que";"671";".";"655";"em";"655";"ser";"457";":";"369";"se";"352";"@card@";"273";"com";"247";"como";"240";"não";"234";";";"219";"ou";"184";"por";"183";"ter";"181";"pintura";"167";"coisa";"140";"poesia";"135";"sua";"130";"mais";"124";"assim";"117";"poeta";"115";"uma";"115";"mesmo";"114";"para";"113";"um";"112";"et";"99";"livrar";"92";"fazer";"92";"ver";"91";"seu";"91";"pintor";"90";"figura";"84";"porque";"82";"todo";"76";"mas";"75";"haver";"75";"dizer";"73";"ir";"72";"dever";"72";"si";"69";"capítulo";"68";"in";"67";"poder";"64";"arte";"64";"non";"55"
"13";"Manuel de Almeida";"Vida de Takla Haymanot";"1650";"almeida17th.txt";"17th Century";"9157";",";"999";"de";"600";"e";"540";"a";"499";"o";"321";"que";"288";";";"285";"em";"226";".";"187";"@card@";"116";"ser";"98";"se";"94";"por";"89";"com";"85";"lhe";"78";"seu";"72";"dar";"64";"fazer";"62";"ir";"57";":";"55";"hum";"55";"santo";"54";"dizer";"53";"terra";"52";"todo";"52";"não";"50";"estar";"50";"como";"49";"para";"49";"sua";"48";"muito";"47";"haymanot";"47";"deos";"47";"nome";"43";"abba";"41";"tecla";"40";"grande";"38";"huma";"36";"ter";"35";"nosso";"35";"ethiopia";"34";"filho";"34";"p.";"32";"elle";"32";"qual";"31";"s.";"31";"mandar";"31";"chamar";"31";"este";"30";"mas";"29"
"14";"Vicente Barbosa";"Compendio da Relaçam Que Veyo da India o Anno de 1691";"1691";"barbosa1691.txt";"17th Century";"9157";",";"999";"de";"600";"e";"540";"a";"499";"o";"321";"que";"288";";";"285";"em";"226";".";"187";"@card@";"116";"ser";"98";"se";"94";"por";"89";"com";"85";"lhe";"78";"seu";"72";"dar";"64";"fazer";"62";"ir";"57";":";"55";"hum";"55";"santo";"54";"dizer";"53";"terra";"52";"todo";"52";"não";"50";"estar";"50";"como";"49";"para";"49";"sua";"48";"muito";"47";"haymanot";"47";"deos";"47";"nome";"43";"abba";"41";"tecla";"40";"grande";"38";"huma";"36";"ter";"35";"nosso";"35";"ethiopia";"34";"filho";"34";"p.";"32";"elle";"32";"qual";"31";"s.";"31";"mandar";"31";"chamar";"31";"este";"30";"mas";"29"
"15";"Antonio Brandao";"Monarchia Lusitana";"1632";"brandao1632.txt";"17th Century";"49938";",";"4755";"de";"4532";"a";"2070";"e";"1974";"o";"1846";"em";"1530";".";"1480";"que";"1378";"se";"782";"por";"625";"ser";"598";"com";"557";"dom";"444";"não";"365";"el-rei";"354";"seu";"333";"fazer";"305";"ir";"282";"&";"279";"ter";"263";"como";"252";"sua";"242";"qual";"239";"afonso";"233";"rei";"217";"ano";"212";"dizer";"209";"outro";"208";"haver";"194";"mais";"189";"para";"184";"tempo";"183";";";"179";"filho";"174";"@card@";"173";"esta";"170";"todo";"169";"reino";"161";"dar";"161";"um";"158";"portugal";"152";"grande";"148";"parte";"147";"senhor";"145";":";"142";"poder";"139";"terra";"138";"mesmo";"138";"in";"138";"estar";"134"
"16";"José da Cunha Brochado";"Cartas";"1650";"brochado17th.txt";"17th Century";"31888";"de";"2593";",";"2263";"a";"1865";"que";"1551";".";"1133";"e";"1108";"o";"1055";"em";"764";"ser";"581";"vossa";"547";"não";"429";"se";"413";"com";"376";"para";"328";"mais";"280";"@card@";"263";"por";"256";"ter";"240";"me";"231";"sua";"226";"mercê";"220";"fazer";"200";"um";"185";"senhor";"183";"como";"180";"seu";"174";"muito";"171";"haver";"167";"todo";"164";"esta";"158";"meu";"148";"grande";"144";"poder";"138";"deus";"137";"porque";"135";"el-rei";"129";"uma";"128";"senhorio";"118";"eu";"116";"este";"112";"ano";"112";"mas";"109";"dizer";"103";"corte";"102";"novo";"101";"sem";"95";"excelência";"94";"guardar";"94";"ou";"94";"estar";"93"
"17";"Antonio das Chagas";"Obras Espirituais II";"1687";"chagas1687.txt";"17th Century";"49603";",";"4725";"que";"2844";"de";"2827";"a";"2483";"e";"2013";"o";"1667";".";"1366";"em";"1246";"ser";"1220";"não";"1018";"se";"882";";";"858";"deus";"721";"vossa";"685";"por";"578";"para";"542";"ter";"527";"com";"520";"me";"467";"fazer";"446";"mais";"429";"mercê";"422";"como";"376";"porque";"287";"lhe";"287";"ou";"286";"sua";"277";"todo";"275";"poder";"256";"ir";"255";"haver";"254";"muito";"254";"dar";"251";"eu";"230";"estar";"207";"mas";"207";"um";"202";"querer";"202";"ainda";"200";"tudo";"191";"dizer";"187";"meu";"181";"isto";"175";"amor";"172";"esta";"167";"alma";"166";"sem";"162";"uma";"162";"nem";"162";"este";"161"
"18";"Manuel da Costa";"A Arte de Furtar";"1652";"costa1652.txt";"17th Century";"51548";",";"6483";"de";"2875";"que";"2795";"a";"2436";"e";"2420";"o";"2098";"em";"1329";".";"1226";"se";"986";";";"789";"não";"780";":";"757";"por";"718";"com";"714";"para";"618";"ser";"546";"he";"424";"mais";"401";"porque";"392";"ter";"351";"todo";"329";"fazer";"319";"como";"318";"seu";"310";"hum";"273";"sua";"271";"lhe";"227";"dar";"225";"ele";"224";"ha";"200";"muito";"192";"dizer";"190";"outro";"174";"bem";"165";"mas";"163";"tudo";"162";"haver";"158";"este";"154";"quem";"147";"ou";"144";"nem";"143";"senhor";"142";"assim";"142";"sem";"142";"dom";"127";"quando";"126";"reyno";"126";"huma";"125";"filho";"124";"y";"118"
"19";"Manuel de Galhegos";"Gazeta";"1641";"galhegos1641.txt";"17th Century";"25438";"de";"2514";",";"2393";"a";"1315";"e";"1186";"o";"1098";"que";"1013";".";"713";"em";"661";"se";"391";"com";"388";"por";"282";"ir";"266";":";"220";"para";"214";"estar";"194";"@card@";"193";"uma";"183";"um";"178";"el-rei";"160";"fazer";"158";"nosso";"153";"não";"150";"ser";"146";"vir";"144";"todo";"143";"haver";"143";";";"141";"senhor";"129";"sair";"118";"grande";"116";"lhe";"112";"dar";"108";"outro";"99";"ele";"98";"mais";"93";"parte";"92";"sua";"89";"capitão";"88";"qual";"84";"gente";"79";"mandar";"79";"cavalo";"78";"castelhano";"77";"campo";"77";"seu";"77";"dizer";"76";"general";"73";"muito";"72";"entrar";"71";"dois";"69"
"20";"Francisco Rodrigues Lobo";"Corte da Aldeia e Noites de Inverno";"1619";"lobo1619.txt";"17th Century";"51830";",";"4747";"de";"3705";"que";"3009";"a";"2895";"e";"2301";"o";"2243";"em";"1353";".";"1041";"ser";"921";";";"919";"se";"783";"com";"738";"não";"667";"por";"632";"dizer";"485";"um";"399";"ter";"390";"para";"388";"mais";"357";"como";"348";"ele";"308";"seu";"290";"me";"289";"haver";"288";"sua";"284";"fazer";"274";"uma";"251";":";"250";"poder";"247";"tão";"238";"todo";"229";"outro";"224";"lhe";"221";"muito";"210";"porque";"206";"ir";"204";"parecer";"195";"dar";"194";"ou";"169";"coisa";"168";"eu";"166";"estar";"154";"nem";"154";"bem";"145";"falar";"142";"carta";"141";"saber";"140";"querer";"136";"sem";"128";"quem";"126"
"21";"Gregorio de Matos";"Mixed Texts (Part 1)";"1650";"matos17th1.txt";"17th Century";"58454";",";"5695";"que";"1974";"de";"1943";"a";"1927";"o";"1422";".";"1251";"e";"1208";"em";"984";"ser";"802";"se";"718";"não";"666";":";"651";"por";"548";"@card@";"494";"um";"415";"me";"377";"com";"372";"dar";"259";"ver";"252";"ir";"249";"tão";"245";"ter";"245";"porque";"232";"eu";"231";"mais";"231";"vos";"218";"haver";"216";"mas";"206";"como";"205";"fazer";"197";"quem";"197";"para";"186";"dizer";"184";"querer";"179";"pois";"163";"seu";"162";"todo";"161";"lhe";"156";"?";"153";"bem";"150";"meu";"150";"uma";"147";"saber";"147";"estar";"144";"te";"135";"ele";"129";"quando";"125";"vós";"125";"sem";"118";"amor";"115"
"22";"Gregorio de Matos";"Mixed Texts (Part 2)";"1650";"matos17th2.txt";"17th Century";"41488";",";"7623";".";"2998";"que";"2752";"de";"2727";"a";"2668";"o";"2176";"e";"1684";"em";"1515";"ser";"1171";":";"980";"se";"965";"por";"815";"@card@";"808";"não";"711";"um";"657";"com";"545";"ter";"346";"para";"343";"tão";"330";"dar";"328";"mais";"324";"porque";"320";"ver";"320";"ir";"319";"todo";"312";"fazer";"309";"haver";"299";"quem";"298";"mas";"296";"como";"282";"vos";"263";"me";"255";"seu";"254";"eu";"236";"dizer";"235";"!";"226";"meu";"219";"vós";"216";"querer";"211";"?";"208";"lhe";"208";"estar";"198";"ou";"187";"pois";"186";"bom";"185";"poder";"180";"bem";"178";"tal";"178";"outro";"163";"sem";"162"
"23";"Francisco Manuel de Melo";"Tácito Portugues";"1650";"melo1650.txt";"17th Century";"34077";"de";"3002";",";"2609";"a";"1943";"o";"1445";"que";"1389";".";"1125";"e";"907";"em";"727";"se";"626";"por";"483";"não";"467";"ser";"460";"com";"382";"mais";"270";";";"265";"seu";"259";"dom";"257";"ir";"236";"sua";"226";"como";"190";"el-rei";"190";"haver";"166";"para";"160";"outro";"158";"ou";"150";"lhe";"145";"porque";"139";"duque";"136";"grande";"131";"todo";"125";"mas";"122";"um";"121";"fazer";"121";"este";"120";"aquele";"106";"ter";"106";"príncipe";"101";"dizer";"97";"poder";"95";"esta";"94";"primeiro";"92";"ver";"91";"ele";"90";"tempo";"88";"depois";"88";"joão";"80";"sem";"80";"dar";"80";"só";"78";"portugal";"78"
"24";"Padre Antonio Vieira";"Sermao pelo Bom Sucesso das Armas de Portugal contra as de Holanda";"1640";"vieira1640.txt";"17th Century";"9145";",";"950";"de";"501";"a";"471";"e";"454";"que";"451";"o";"329";".";"190";"não";"169";"ser";"168";"em";"160";"se";"138";"?";"120";"vossa";"107";"por";"104";";";"102";":";"100";"com";"75";"haver";"72";"dizer";"71";"deus";"71";"como";"62";"para";"61";"vos";"60";"vosso";"56";"nos";"56";"mesmo";"56";"ter";"54";"senhor";"53";"tão";"51";"et";"50";"todo";"43";"ir";"42";"razão";"41";"tanto";"38";"vós";"38";"mais";"37";"fazer";"37";"esta";"36";"assim";"36";"nós";"35";"estar";"34";"mas";"33";"sua";"33";"nem";"33";"ele";"33";"poder";"33";"dar";"32";"pois";"32";"um";"31";"perdoar";"31"
"25";"Padre Antonio Vieira";"Sermao dos Bons Anos";"1642";"vieira1642.txt";"17th Century";"8853";",";"753";"de";"521";"a";"397";"o";"393";"que";"387";"e";"314";".";"202";"se";"154";"ser";"154";"em";"149";":";"145";";";"140";"não";"132";"por";"95";"com";"82";"para";"77";"como";"77";"porque";"72";"ter";"64";"dizer";"64";"?";"64";"assim";"55";"haver";"54";"ir";"50";"tempo";"49";"cristo";"49";"estar";"47";"deus";"46";"fazer";"46";"tão";"43";"dia";"43";"um";"41";"todo";"40";"mesmo";"39";"ano";"37";"esperar";"37";"sua";"37";"muito";"35";"!";"34";"rei";"34";"circuncisão";"34";"seu";"34";"tanto";"34";"dar";"33";"ainda";"32";"nome";"32";"profecia";"32";"bem";"31";"mais";"31";"mas";"31"
"26";"Padre Antonio Vieira";"Sermao da Sexagésima";"1655";"vieira1655.txt";"17th Century";"11442";",";"948";"de";"639";"a";"597";"o";"596";"que";"496";"e";"435";".";"415";"ser";"345";"não";"241";"em";"229";";";"197";"se";"174";"haver";"172";":";"139";"?";"135";"por";"134";"com";"127";"palavra";"114";"deus";"112";"dizer";"101";"ter";"91";"porque";"87";"pregador";"82";"pregar";"82";"como";"77";"fazer";"77";"mas";"75";"um";"74";"para";"70";"uma";"61";"homem";"51";"muito";"49";"cristo";"47";"mais";"47";"semear";"46";"todo";"45";"!";"44";"só";"44";"pedra";"43";"sermão";"42";"trigo";"41";"tão";"40";"ir";"40";"fruto";"39";"sua";"38";"ver";"38";"mesmo";"36";"poder";"36";"nascer";"36";"assim";"35"
"27";"Padre Antonio Vieira";"Sermao do Espírito Santo";"1657";"vieira1657.txt";"17th Century";"12139";",";"1203";"o";"686";"de";"630";"a";"604";"que";"581";"e";"566";".";"361";"em";"264";"ser";"223";"não";"222";"se";"217";";";"139";"peixe";"133";"com";"131";"para";"131";"?";"94";"ter";"89";"todo";"88";"homem";"86";"fazer";"80";"vos";"79";"um";"78";"mais";"77";"por";"75";"vós";"74";"como";"74";"haver";"74";"comer";"72";"ir";"71";"mas";"70";":";"69";"deus";"69";"tão";"67";"outro";"67";"porque";"65";"ou";"64";"terra";"63";"mesmo";"57";"ele";"56";"poder";"55";"grande";"54";"dizer";"53";"querer";"51";"muito";"51";"mar";"50";"santo";"48";"tanto";"46";"seu";"46";"também";"46";"estar";"45"
"28";"Padre Antonio Vieira";"Cartas";"1646";"vieira1670.txt";"17th Century";"52391";",";"4535";"de";"3740";"que";"3040";"a";"2677";"e";"1991";"o";"1986";"em";"1296";".";"1235";"se";"1128";"não";"875";"ser";"852";"vossa";"766";"excelência";"651";"com";"629";"por";"618";"ter";"480";"haver";"462";"para";"433";"poder";"362";"fazer";"357";"ir";"330";";";"325";"muito";"320";"mais";"319";"como";"314";"me";"299";"todo";"270";"@card@";"266";"porque";"261";"majestade";"258";"senhor";"251";"estar";"249";"sua";"239";"dizer";"221";"mas";"220";"nos";"212";"esta";"197";"outro";"197";"tão";"189";"ou";"185";"dar";"183";"lhe";"182";"eu";"176";"este";"174";"nem";"167";"ele";"164";"deus";"159";"ver";"158";"querer";"157";"ainda";"155"
"29";"Padre Antonio Vieira";"Cartas";"1650";"vieira17th.txt";"17th Century";"52391";",";"4535";"de";"3740";"que";"3040";"a";"2677";"e";"1991";"o";"1986";"em";"1296";".";"1235";"se";"1128";"não";"875";"ser";"852";"vossa";"766";"excelência";"651";"com";"629";"por";"618";"ter";"480";"haver";"462";"para";"433";"poder";"362";"fazer";"357";"ir";"330";";";"325";"muito";"320";"mais";"319";"como";"314";"me";"299";"todo";"270";"@card@";"266";"porque";"261";"majestade";"258";"senhor";"251";"estar";"249";"sua";"239";"dizer";"221";"mas";"220";"nos";"212";"esta";"197";"outro";"197";"tão";"189";"ou";"185";"dar";"183";"lhe";"182";"eu";"176";"este";"174";"nem";"167";"ele";"164";"deus";"159";"ver";"158";"querer";"157";"ainda";"155"
"30";"Matias Aires";"Reflexoes Sobre a Vaidade dos Homens";"1752";"aires1752.txt";"18th Century";"54942";",";"6371";"a";"3342";"de";"3034";"que";"2566";"o";"2405";"e";"2056";";";"1963";"ser";"1614";"em";"1317";"se";"1124";".";"1037";"não";"1024";"por";"748";":";"625";"vaidade";"572";"um";"567";"uma";"416";"mais";"412";"para";"409";"mesmo";"382";"ter";"349";"mas";"341";"fazer";"341";"haver";"326";"com";"318";"homem";"309";"porque";"304";"ou";"291";"nos";"281";"só";"272";"todo";"264";"como";"261";"poder";"257";"nem";"222";"ver";"217";"outro";"215";"ir";"212";"coisa";"188";"quem";"183";"tudo";"178";"@card@";"175";"isso";"169";"também";"167";"parecer";"154";"sem";"150";"sempre";"148";"?";"142";"vir";"140";"amor";"140";"ficar";"136"
"31";"Manoel Botelho de Oliveira";"À Ilha da Maré";"1705";"botelho1705.txt";"18th Century";"1852";",";"222";"a";"101";"de";"93";"que";"77";"o";"77";"ser";"66";"e";"61";"em";"60";".";"52";"se";"52";";";"38";"por";"37";"ter";"24";"com";"17";"como";"15";"mais";"14";"todo";"13";"não";"12";"muito";"11";"para";"11";"outro";"10";"fazer";"10";"fruita";"10";"tão";"10";"dar";"9";"sem";"9";"quando";"9";"ou";"9";"belo";"8";"seu";"8";"sempre";"8";"maré";"7";"terra";"7";"porque";"7";"um";"7";"vário";"7";"ir";"7";"brasil";"7";"também";"7";"tanto";"6";":";"6";"gosto";"6";"parecer";"6";"crer";"6";"mundo";"6";"estar";"6";"querer";"6";"ver";"6";"aqui";"6";"doce";"6"
"32";"Pedro Correia Garcao";"Obras Completas";"1750";"garcao18th.txt";"18th Century";"24562";",";"1972";"de";"1823";"a";"1420";"que";"1285";"o";"1015";"e";"872";".";"570";"em";"467";"não";"431";"ser";"415";"se";"360";";";"300";"com";"252";"para";"197";"?";"196";"um";"189";"mais";"152";"tão";"152";"vossa";"140";"uma";"138";"poder";"131";"por";"123";"dever";"113";"ou";"113";"mas";"110";":";"110";"haver";"108";"nos";"103";"ter";"102";"como";"98";"quem";"98";"todo";"94";"nossa";"94";"nosso";"94";"me";"93";"este";"92";"fazer";"91";"magestade";"91";"sua";"89";"seu";"89";"ir";"86";"esta";"85";"grande";"76";"sem";"75";"ver";"73";"mesmo";"67";"senhor";"63";"ainda";"61";"eu";"60";"dizer";"59"
"33";"Teresa Margarida da Silva e Ortas";"Aventuras de Diófanes";"1777";"ortas1777.txt";"18th Century";"67649";",";"8211";"a";"4369";"que";"4075";"o";"3442";"de";"3305";"e";"2400";"em";"1422";";";"1287";"ser";"1238";"se";"1207";"não";"1119";".";"1030";"com";"891";"para";"775";"me";"744";"mais";"557";"por";"486";"como";"474";"ter";"404";"porque";"401";"haver";"383";":";"364";"lhe";"353";"ir";"343";"dizer";"339";"seu";"339";"eu";"322";"fazer";"306";"pois";"290";"sua";"284";"ver";"282";"um";"267";"poder";"244";"todo";"233";"mas";"228";"saber";"220";"só";"219";"meu";"211";"tão";"210";"quem";"208";"dar";"204";"quando";"201";"uma";"201";"bem";"190";"aquele";"189";"querer";"184";"sem";"183";"assim";"182";"minha";"180";"estar";"178"
"34";"António Nunes Ribeiro Sanches";"Cartas Sobre a Educacao da Mocidade";"1760";"sanches1760.txt";"18th Century";"56017";",";"5265";"de";"3952";"a";"2835";"e";"2510";"que";"2451";"o";"2375";"em";"1627";".";"1411";"se";"771";";";"741";"por";"720";":";"499";"para";"491";"ser";"480";"ou";"469";"com";"467";"naõ";"461";"todo";"399";"@card@";"377";"he";"365";"como";"346";"ter";"338";"sua";"329";"escola";"270";"esta";"241";"mais";"236";"seu";"234";"estado";"231";"este";"219";"mesmo";"216";"hum";"207";"poder";"203";"mas";"199";"tempo";"188";"porque";"185";"nem";"175";"seos";"175";"ir";"174";"civil";"151";"bem";"144";"fazer";"137";"outro";"133";"mestre";"133";"modo";"132";"dever";"130";"tanto";"129";"ensinar";"128";"aprender";"118";"saõ";"117";"ver";"116"
"35";"Antonio José da Silva";"Vida do Grande D. Quixote de La Mancha e do Gordo Sancho Panca";"1733";"silva1733.txt";"18th Century";"20055";",";"1968";".";"1775";"que";"1034";"de";"865";"a";"799";"o";"604";"e";"469";"ser";"469";"sancho";"465";"não";"372";"em";"347";";";"305";"?";"272";"quixote";"264";"d.";"264";"!";"244";"senhor";"230";"se";"221";"me";"204";"ter";"197";"com";"192";"ir";"190";"eu";"184";"vossa";"180";"um";"170";"estar";"168";"por";"166";"haver";"160";"para";"158";"mercê";"151";"dizer";"139";"fazer";"133";"ver";"131";"querer";"130";"meu";"121";"uma";"118";"como";"111";"já";"94";"pois";"93";"minha";"90";"homem";"89";"dar";"86";"mais";"84";"este";"82";"quem";"75";"bem";"74";"poder";"72";":";"68";"vir";"64";"meirinho";"63"
"36";"Antonio José da Silva";"Esopaida ou Vida de Esopo";"1734";"silva1734.txt";"18th Century";"20455";".";"2064";",";"1990";"que";"1033";"a";"823";"de";"754";"o";"696";"esopo";"540";"ser";"516";";";"485";"e";"463";"não";"435";"?";"435";"em";"291";"!";"278";"me";"260";"eu";"254";"se";"250";"para";"226";"com";"220";"xanto";"216";"ir";"213";"haver";"193";"estar";"179";"dizer";"174";"ter";"172";"um";"158";"por";"157";"querer";"146";"pois";"144";"fazer";"142";"senhor";"134";"filena";"132";"amor";"126";"periandro";"121";"ver";"118";"meu";"115";"como";"111";"saber";"111";"te";"108";"geringonça";"105";"ora";"101";"uma";"99";"bem";"99";"eurípedes";"97";"vossa";"96";"dar";"94";"vir";"90";"mercê";"85";"mais";"84";"minha";"84"
"37";"Antonio José da Silva";"Os Encantos de Medeia";"1735";"silva1735.txt";"18th Century";"16685";",";"1668";".";"1616";"que";"842";"a";"675";"de";"623";"o";"601";"e";"454";"ser";"402";"não";"349";"jason";"312";"sacatrapo";"291";";";"279";"em";"254";"?";"246";"se";"234";"!";"196";"me";"195";"eu";"173";"ter";"167";"por";"166";"pois";"155";"com";"153";"ir";"150";"arpia";"140";"mediar";"140";"haver";"134";"ver";"133";"te";"133";"medeia";"131";"senhor";"126";"creúsa";"122";"estar";"119";"para";"117";"meu";"114";"dizer";"112";"saber";"104";"um";"94";"rei";"93";"querer";"84";"já";"84";"como";"82";"fazer";"81";"poder";"81";"amor";"80";"dar";"77";"uma";"74";"quem";"68";"sair";"66";"mas";"66";"vir";"62"
"38";"Antonio José da Silva";"Anfitriao ou Jupiter e Alcmena";"1736";"silva1736.txt";"18th Century";"25042";".";"2429";",";"2392";"que";"1442";"a";"1010";"de";"975";"o";"808";"ser";"700";"não";"540";"?";"534";"e";"493";"saramago";"441";"!";"429";"em";"412";";";"387";"eu";"366";"anfitrião";"345";"alcmena";"319";"se";"310";"me";"293";"ir";"260";"para";"253";"com";"250";"pois";"215";"cornucópia";"210";"dizer";"205";"júpiter";"196";"por";"196";"ver";"195";"te";"194";"mercúrio";"188";"senhor";"184";"estar";"170";"meu";"158";"ter";"153";"um";"152";"querer";"147";"minha";"146";"haver";"142";"como";"138";"fazer";"131";"saber";"125";"poder";"124";"mais";"119";"quem";"118";"já";"117";"juno";"114";"tu";"110";"vir";"108";"tirésias";"105";"este";"98"
"39";"Antonio José da Silva";"O Labirinto de Creta";"1736";"silva1736b.txt";"18th Century";"30050";",";"2912";".";"2795";"que";"1658";"a";"1405";"de";"1318";"o";"921";"ser";"701";"não";"653";"e";"606";"em";"572";"!";"570";"teseu";"474";"me";"424";"?";"421";"esfuziote";"407";";";"405";"se";"378";"ariadna";"338";"para";"327";"ir";"314";"com";"301";"eu";"289";"por";"257";"ver";"232";"senhor";"209";"pois";"208";"meu";"198";"lidoro";"190";"quem";"180";"fedra";"180";"te";"177";"dizer";"175";"saber";"173";"minha";"172";"um";"170";"ter";"170";"querer";"158";"estar";"154";"haver";"150";"poder";"147";"amor";"146";"já";"145";"taramelar";"139";"como";"137";"parte";"137";"ai";"122";"vir";"120";"fazer";"119";"dédalo";"119";"mais";"117"
"40";"Antonio José da Silva";"As Verdades de Proteu";"1737";"silva1737.txt";"18th Century";"16153";".";"1705";",";"1455";"que";"828";"a";"770";"de";"713";"o";"465";"não";"458";"ser";"410";"em";"338";"?";"319";"e";"299";"cirene";"286";"se";"274";"!";"251";"proteu";"238";"caranguejo";"213";";";"205";"me";"203";"nereu";"157";"ir";"153";"maresia";"152";"políbio";"140";"para";"134";"eu";"129";"com";"128";"por";"127";"haver";"123";"dórida";"121";"te";"118";"pois";"108";"mais";"102";"ver";"100";"meu";"99";"como";"99";"dizer";"99";"ter";"95";"poder";"95";"saber";"89";"um";"84";"querer";"81";"amor";"80";"tua";"79";"estar";"77";"minha";"77";"senhor";"77";"teu";"77";"rei";"68";"quem";"67";"mas";"67";"uma";"63"
"41";"Antonio José da Silva";"Guerras do Alecrim e da Manjerona";"1737";"silva1737b.txt";"18th Century";"23096";".";"2844";",";"2039";"que";"1165";"d.";"1085";"a";"872";"de";"841";"o";"665";"ser";"616";"não";"492";"e";"453";"semicúpio";"428";"!";"422";"?";"408";"em";"392";";";"301";"se";"272";"ir";"265";"me";"248";"eu";"244";"senhor";"231";"sevadilha";"227";"estar";"218";"lancerote";"215";"para";"201";"com";"185";"gilvaz";"180";"fuas";"179";"por";"172";"clóris";"169";"ter";"169";"haver";"168";"nise";"164";"fagundes";"162";"meu";"160";"tibúrcio";"156";"pois";"147";"ver";"142";"um";"129";"vossa";"119";"saber";"111";"mais";"109";"dizer";"109";"uma";"109";"fazer";"107";"como";"105";"querer";"105";"já";"104";"vir";"100";"mercê";"99";"sair";"97"
"42";"Antonio José da Silva";"Precipício de Faetonte";"1738";"silva1738.txt";"18th Century";"21248";".";"2066";",";"1962";"que";"1172";"de";"1026";"a";"1007";"o";"732";"ser";"529";"não";"448";"e";"397";"?";"369";"em";"351";"!";"329";"faetonte";"314";"se";"301";"chichisbéu";"297";";";"277";"me";"258";"ismene";"236";"para";"232";"te";"188";"com";"187";"ir";"183";"chirinola";"182";"eu";"180";"egéria";"178";"albano";"172";"pois";"170";"ver";"159";"dizer";"149";"por";"140";"um";"137";"saber";"137";"haver";"133";"minha";"132";"poder";"126";"meu";"118";"ter";"118";"fíton";"117";"estar";"114";"querer";"106";"como";"105";"quem";"97";"teu";"96";"mas";"95";"mais";"93";"senhor";"92";"tua";"91";"já";"84";"fazer";"81";"filho";"80"
"43";"Luis Antonio Verney";"O Verdadeiro Método de Estudar";"1746";"verney1746.txt";"18th Century";"47818";",";"5281";"que";"2446";"de";"2370";"o";"2097";"a";"2009";".";"1808";"e";"1626";"em";"1437";"ser";"1121";"se";"949";"não";"807";";";"652";"com";"499";"para";"392";"dever";"377";"ter";"362";"mas";"354";"um";"344";"por";"332";"outro";"326";"dizer";"325";"ou";"314";"poder";"303";"mais";"288";"fazer";"283";"como";"278";"escrever";"273";"todo";"265";"uma";"238";"porque";"237";"muito";"231";"mesmo";"220";"língua";"210";"este";"209";":";"207";"isto";"195";"etc";"188";"coisa";"186";"esta";"186";"haver";"178";"palavra";"178";"saber";"175";"entender";"173";"português";"168";"quando";"168";"alguma";"166";"também";"159";"algum";"157";"ainda";"156";"bem";"149"
"44";"Casimiro de Abreu";"Carolina";"1856";"abreu1856.txt";"19th Century";"5275";",";"474";"a";"279";".";"276";"de";"243";"!";"211";"o";"181";"que";"175";"e";"163";"em";"91";"um";"75";"não";"66";"seu";"60";"ser";"59";"?";"55";"com";"49";";";"48";"carolina";"46";"uma";"45";"para";"44";"dizer";"43";"ter";"42";"augusto";"40";"ver";"38";"eu";"38";"por";"37";":";"35";"..";"34";"mulher";"34";"haver";"33";"ele";"33";"sua";"31";"tu";"31";"ir";"30";"te";"30";"estar";"30";"como";"29";"meu";"29";"se";"28";"deus";"27";"amar";"27";"mas";"25";"minha";"23";"fernando";"23";"homem";"22";"me";"22";"mesmo";"21";"@card@";"21";"vir";"20";"quando";"19";"ela";"19"
"45";"José de Alencar";"O Guarani";"1857";"alencar1857.txt";"19th Century";"109296";"de";"7355";",";"7207";"a";"6352";"o";"4941";".";"4705";"que";"4280";"e";"3579";";";"2374";"em";"2248";"um";"1677";"ser";"1337";"não";"1273";"uma";"1187";"por";"1149";"seu";"1094";"se";"1088";"sua";"1061";"com";"1011";"ter";"950";"para";"844";"!";"758";"peri";"727";"?";"630";"como";"593";"ir";"582";"fazer";"529";"dizer";"493";"ele";"479";"cecília";"458";"d.";"421";"sobre";"412";"mas";"411";"índio";"408";"haver";"398";"todo";"397";":";"393";"estar";"392";"ver";"390";"poder";"360";"antônio";"300";"mais";"298";"quando";"284";"álvaro";"278";"lhe";"271";"senhor";"266";"homem";"261";"ela";"257";"moço";"257";"dois";"246";"querer";"245"
"46";"José de Alencar";"Lucíola";"1862";"alencar1862.txt";"19th Century";"46302";"de";"2913";",";"2860";"a";"2473";".";"2262";"que";"1926";"o";"1648";"e";"1353";"em";"988";"não";"850";";";"828";"!";"720";"ser";"682";"um";"568";"uma";"544";"com";"478";"ter";"457";"me";"448";"se";"440";"por";"430";"para";"407";"?";"402";"lúcia";"378";"eu";"347";"minha";"275";"meu";"269";"como";"264";"ela";"260";"ir";"250";"seu";"242";"fazer";"236";"sua";"233";"estar";"231";"dizer";"209";"mas";"202";"mais";"201";"ver";"196";":";"195";"haver";"171";"poder";"169";"quando";"154";"mim";"151";"lhe";"147";"mulher";"146";"dar";"146";"saber";"145";"vez";"133";"já";"133";"ainda";"128";"querer";"127";"dia";"118"
"47";"José de Alencar";"Iracema";"1865";"alencar1865.txt";"19th Century";"29639";"de";"2642";",";"1888";"o";"1873";"a";"1858";".";"1696";"e";"858";"que";"768";"em";"728";";";"451";"guerreiro";"327";"seu";"309";"ser";"301";"para";"279";"iracema";"226";"não";"215";"por";"211";"se";"202";"como";"198";":";"196";"sua";"190";"um";"167";"ele";"162";"com";"153";"ir";"141";"ter";"128";"filho";"120";"cabana";"117";"virgem";"116";"mais";"112";"irmão";"111";"vir";"107";"uma";"106";"grande";"104";"poti";"104";"olho";"101";"quando";"97";"onde";"97";"tabajara";"97";"branco";"94";"martim";"92";"teu";"90";"terra";"89";"ver";"87";"já";"86";"ela";"84";"mas";"84";"chefe";"83";"esposo";"81";"estrangeiro";"81";"nome";"78"
"48";"José de Alencar";"Senhora";"1875";"alencar1875.txt";"19th Century";"78378";"de";"5915";",";"5344";"a";"4870";".";"4069";"o";"3104";"que";"2883";"e";"2052";"em";"1847";"não";"1238";"um";"1006";"ser";"986";";";"906";"com";"846";"uma";"770";"por";"747";"para";"732";"se";"674";"aurélia";"622";"sua";"617";"ter";"610";"seu";"554";"?";"463";"seixa";"457";"como";"446";"!";"385";"mas";"359";"moço";"356";"ir";"339";"mais";"338";"estar";"322";"lhe";"310";"fazer";"306";"haver";"299";"ela";"292";"ele";"271";"senhor";"248";"poder";"244";"quando";"241";"todo";"230";"eu";"230";"dizer";"223";"marido";"221";"essa";"202";"me";"195";"mulher";"190";"dar";"188";"outro";"185";"já";"183";":";"172";"ver";"171"
"49";"Manuel Antonio de Almeida";"Memórias de um Sargento de Milícias";"1852";"almeida1852.txt";"19th Century";"60982";",";"4787";"de";"4060";"a";"3211";"o";"2582";".";"2321";"que";"2317";"e";"1869";"em";"1490";"ser";"978";";";"865";"não";"809";"por";"778";"um";"731";"se";"694";"com";"658";"ter";"629";"uma";"533";"ir";"490";"para";"469";":";"426";"dizer";"397";"fazer";"367";"ele";"367";"leonardo";"365";"haver";"359";"seu";"340";"mais";"339";"estar";"326";"todo";"325";"sua";"316";"lhe";"283";"dar";"283";"ver";"278";"muito";"276";"como";"250";"!";"249";"maria";"230";"tempo";"215";"saber";"214";"comadre";"211";"porém";"210";"já";"210";"casa";"204";"d.";"195";"?";"193";"tudo";"192";"querer";"185";"dia";"182";"outro";"180";"coisa";"178"
"50";"Castro Alves";"Espumas Flutuantes";"1870";"alves1870.txt";"19th Century";"20016";".";"1446";",";"1410";"de";"1267";"a";"1251";"o";"917";"!";"835";"em";"641";"que";"489";"e";"487";"ser";"305";"..";"249";"um";"247";"?";"157";"como";"142";"não";"138";"se";"137";"teu";"116";"eu";"110";"meu";"109";"por";"108";"ir";"95";"uma";"80";":";"78";"tu";"74";"quando";"71";"noite";"70";"ter";"69";"céu";"62";"mas";"59";"amor";"59";"ver";"57";"sobre";"56";"ó";"55";"flor";"52";"deus";"51";"mais";"50";"mar";"49";";";"49";"dizer";"49";"do";"48";"sem";"47";"seio";"47";"luz";"46";"quem";"45";"terra";"44";"p'ra";"43";"com";"42";"minha";"42";"seu";"42";"vento";"41"
"51";"Álvares de Azevedo";"Noite na Taverna";"1855";"azevedo1855.txt";"19th Century";"18112";"de";"1205";",";"1183";".";"1033";"a";"1022";"o";"678";"e";"565";"em";"540";"que";"468";"!";"406";"ser";"364";"um";"321";"uma";"283";":";"258";"como";"211";"não";"174";"eu";"162";"?";"151";"se";"147";"por";"141";"ir";"117";"me";"108";"com";"102";"meu";"101";"noite";"96";"ter";"94";"ela";"87";"ele";"80";"ver";"78";"dizer";"72";"mais";"70";"seu";"70";"para";"70";"sua";"70";"estar";"65";"mulher";"63";"quando";"63";"homem";"62";"aquele";"61";"mas";"59";"mão";"59";"minha";"54";"passar";"52";"saber";"51";"amor";"51";";";"49";"todo";"48";"tudo";"46";"depois";"46";"lábio";"45";"ainda";"44"
"52";"Aluísio Azevedo";"A Condeca Vésper ou Memórias de um Condenado";"1882";"azevedo1882.txt";"19th Century";"107578";",";"9485";"de";"7348";"a";"5886";".";"5482";"o";"4370";"e";"3704";"que";"3302";"!";"2704";"em";"2395";"ser";"1596";"não";"1531";"um";"1241";"por";"1229";"com";"1198";"para";"1050";"se";"940";"uma";"903";";";"897";"ir";"799";"?";"747";"ter";"691";"seu";"568";"mas";"544";"dizer";"542";"estar";"496";"mais";"482";"me";"475";"ele";"473";"como";"470";"todo";"465";"sua";"463";"fazer";"463";"..";"463";"haver";"462";"lhe";"451";"gabriel";"448";"eu";"445";"ambrosina";"419";"meu";"402";"ela";"378";"poder";"361";"já";"344";":";"318";"dar";"314";"senhor";"311";"gaspar";"309";"minha";"295";"ver";"294";"saber";"292";"muito";"289"
"53";"Aluisio Azevedo";"Girandula de Amores ou Mistério da Tijuca";"1882";"azevedo1882b.txt";"19th Century";"95779";",";"7345";"de";"6454";"a";"5400";".";"5064";"o";"4445";"e";"2994";"que";"2917";"em";"2137";"!";"2064";"não";"1601";"ser";"1263";"por";"1134";"com";"1104";"um";"1076";"se";"976";";";"939";"para";"921";"?";"721";"uma";"710";"ir";"653";"ter";"635";"seu";"603";"mas";"521";"estar";"515";"mais";"485";"sua";"474";"lhe";"472";"fazer";"464";"ele";"459";"dizer";"442";"..";"421";"muito";"382";"ela";"380";"haver";"379";"todo";"376";"como";"356";"poder";"354";"gregório";"353";"já";"320";"comendador";"301";"eu";"297";"casa";"295";"saber";"294";"dar";"285";"senhor";"281";"depois";"272";"me";"271";"olímpia";"265";"ver";"264";"sem";"261"
"54";"Aluisio Azevedo";"Casa de Pensao";"1884";"azevedo1884.txt";"19th Century";"95873";",";"9020";"de";"6448";"a";"5277";".";"4747";"o";"4218";"e";"2993";"que";"2967";"!";"2618";"em";"2332";"não";"1486";"um";"1308";"ser";"1250";"com";"1134";"se";"1081";"por";"1066";";";"1016";"uma";"839";"para";"827";"amâncio";"679";"ter";"582";"ir";"579";"lhe";"522";"?";"515";"fazer";"504";"estar";"497";"mais";"481";"ele";"475";"seu";"468";"..";"456";"mas";"453";"sua";"437";"muito";"434";"haver";"428";"todo";"419";"como";"419";"dizer";"393";":";"366";"já";"360";"casa";"308";"poder";"308";"dar";"305";"outro";"296";"ver";"280";"ela";"278";"querer";"263";"coqueiro";"252";"quando";"242";"ficar";"234";"só";"223";"sem";"218"
"55";"Aluisio Azevedo";"Filomena Borges";"1884";"azevedo1884b.txt";"19th Century";"53917";",";"5063";"de";"3707";"a";"2973";"o";"2521";".";"2308";"!";"2061";"que";"1758";"e";"1558";"em";"1285";"não";"912";"ser";"808";"um";"631";"por";"575";"se";"510";"com";"508";"para";"462";"uma";"449";";";"413";"ter";"385";"ir";"383";"borges";"375";"?";"361";"seu";"343";"mais";"310";"fazer";"293";"todo";"275";"..";"274";"filomena";"255";"sua";"255";"estar";"254";"mas";"254";"como";"248";"ele";"224";"dizer";"220";"haver";"214";"eu";"202";"mulher";"200";"lhe";"199";"querer";"189";"ver";"188";"já";"175";"muito";"174";"ela";"170";"dar";"169";"poder";"162";":";"153";"me";"149";"outro";"143";"sem";"142";"coisa";"140"
"56";"Aluisio Azevedo";"O Cortico";"1890";"azevedo1890.txt";"19th Century";"81771";",";"7613";"de";"5978";"a";"4770";".";"3323";"o";"3240";"e";"2972";"que";"2377";"em";"1986";"!";"1930";"não";"1117";"um";"1069";"com";"1045";"ser";"942";";";"937";"por";"867";"para";"820";"se";"704";"uma";"701";"ir";"610";"seu";"496";"?";"459";"ter";"442";"todo";"421";"sua";"420";"fazer";"419";"estar";"409";"como";"382";"mais";"352";"mas";"347";"ele";"329";"ela";"314";"lhe";"308";"dar";"291";"sem";"289";"casa";"279";"..";"276";"já";"265";"outro";"253";"ver";"249";"haver";"245";"lá";"245";"muito";"233";"dizer";"222";":";"210";"querer";"195";"homem";"190";"vez";"188";"dois";"188";"agora";"184";"depois";"183"
"57";"Aluisio Azevedo";"A Mortalha de Alzira";"1894";"azevedo1894.txt";"19th Century";"51573";",";"4559";"de";"3403";".";"2900";"a";"2747";"o";"2190";"e";"1910";"!";"1771";"que";"1613";"em";"1035";"ser";"831";"não";"724";"um";"607";"..";"577";"por";"524";"para";"508";"com";"504";"se";"464";"?";"455";"seu";"376";"uma";"352";"ter";"340";"ir";"333";"ângelo";"326";"como";"306";"todo";"281";"ele";"271";"sua";"261";"mais";"257";"meu";"251";"dizer";"229";";";"217";":";"214";"eu";"214";"mas";"193";"me";"191";"estar";"189";"alzira";"169";"minha";"166";"fazer";"153";"haver";"148";"ver";"140";"lhe";"135";"vir";"135";"outro";"129";"ela";"124";"dar";"118";"olho";"118";"já";"117";"só";"115";"sem";"114"
"58";"Aluisio Azevedo";"O Livro de uma Sogra";"1895";"azevedo1895.txt";"19th Century";"53909";",";"5139";"de";"3890";"a";"2701";"e";"2119";"o";"2086";".";"1793";"que";"1784";"em";"1284";"ser";"1033";"não";"822";"!";"643";"um";"625";"por";"604";"para";"552";"com";"549";";";"515";"se";"448";"meu";"431";"minha";"415";"ter";"369";"seu";"352";"mais";"339";"uma";"332";"como";"328";"ir";"324";"eu";"303";"ele";"294";"todo";"289";"sua";"288";"filho";"283";"?";"262";"me";"258";"amor";"258";"mulher";"254";"mas";"248";"poder";"216";"só";"214";"fazer";"209";"homem";"199";"ou";"179";"sem";"178";"mesmo";"171";"já";"170";"marido";"169";"ela";"167";"estar";"163";"outro";"163";"porque";"146";"dar";"145";"dizer";"142"
"59";"Adolfo Caminha";"A Normalista";"1893";"caminha1893.txt";"19th Century";"60880";",";"6399";"de";"4224";".";"3385";"a";"3356";"o";"2422";"em";"1700";"e";"1538";"que";"1409";"um";"985";"ser";"909";"com";"826";"uma";"773";"não";"756";"!";"695";"por";"488";"se";"484";"para";"458";"ter";"454";"como";"439";"ir";"404";"?";"395";"estar";"354";"muito";"340";"seu";"324";"maria";"306";"todo";"293";"fazer";"282";"dizer";"254";"sem";"246";"mais";"242";"sua";"237";":";"214";"zuza";"206";"mas";"200";"haver";"198";";";"189";"joão";"175";"ele";"172";"lhe";"167";"ela";"166";"mesmo";"163";"outro";"162";"saber";"158";"casa";"157";"ver";"157";"dar";"153";"d.";"142";"poder";"141";"querer";"137";"dia";"133"
"60";"Adolfo Caminha";"No País dos Ianques";"1894";"caminha1894.txt";"19th Century";"53335";",";"2289";"de";"1996";"a";"1298";".";"1052";"o";"874";"e";"738";"em";"706";"que";"507";"um";"317";"ser";"306";"uma";"204";"não";"192";"por";"189";"com";"174";"para";"165";"se";"155";"todo";"139";"como";"132";"ir";"126";"sua";"106";"ter";"105";"mais";"103";"!";"102";"seu";"101";"@card@";"83";"cidade";"83";"muito";"82";"sem";"72";"grande";"70";"ver";"69";"dia";"68";"americano";"66";":";"64";"outro";"64";"nova";"63";"estar";"57";"fazer";"56";"dizer";"53";"nos";"51";"haver";"46";"onde";"44";"belo";"43";"tempo";"40";"brasileiro";"40";"ele";"38";"tão";"37";"primeiro";"37";"nossa";"37";"mesmo";"37";"quase";"37"
"61";"Adolfo Caminha";"Bom Crioulo";"1895";"caminha1895.txt";"19th Century";"36176";",";"4549";"de";"2415";".";"1813";"a";"1619";"o";"1546";"em";"1128";"e";"921";"que";"751";"um";"631";"!";"544";"uma";"473";"ser";"472";"não";"434";"com";"347";"se";"315";":";"301";"por";"297";"como";"287";"ir";"271";"para";"245";"bom-crioulo";"220";"estar";"205";"ter";"195";"seu";"194";"todo";"188";"ele";"171";"?";"171";"fazer";"164";";";"157";"muito";"156";"outro";"152";"mesmo";"134";"sem";"133";"haver";"131";"sua";"126";"aleixo";"125";"ver";"122";"mais";"110";"negro";"108";"dizer";"101";"homem";"100";"mas";"98";"..";"97";"olhar";"95";"lhe";"93";"marinheiro";"90";"vir";"89";"grumete";"89";"vez";"86";"dia";"81"
"62";"Adolfo Caminha";"Tentacao";"1896";"caminha1896.txt";"19th Century";"40734";",";"4111";"de";"3076";".";"2349";"a";"2172";"o";"1994";"e";"1185";"em";"1164";"que";"1045";"ser";"637";"um";"625";"!";"608";"não";"602";"uma";"464";"com";"421";"?";"335";"ir";"324";"para";"323";"se";"317";"por";"299";"adelaide";"281";"evaristo";"268";"como";"265";"estar";"215";"d.";"210";";";"207";"dizer";"201";"ter";"195";"todo";"194";"muito";"189";"branca";"181";":";"176";"furtado";"170";"ele";"155";"homem";"143";"mulher";"138";"mas";"138";"querer";"134";"outro";"133";"secretário";"133";"fazer";"131";"senhor";"130";"haver";"129";"olho";"127";"mais";"126";"seu";"125";"ela";"123";"sua";"111";"ver";"111";"bacharel";"110";"mesmo";"106"
"63";"Almeida Garrett";"Viagens na Minha Terra";"1846";"garrett1846.txt";"19th Century";"69641";",";"5816";"de";"5033";"a";"3464";".";"3107";"e";"2912";"que";"2704";"o";"2643";"em";"1606";"ser";"1439";"não";"1201";"se";"655";"por";"617";"!";"607";"um";"594";"com";"556";"mais";"515";";";"505";"para";"486";"ter";"476";":";"470";"?";"461";"ir";"441";"como";"407";"mas";"398";"eu";"397";"uma";"389";"haver";"368";"estar";"349";"dizer";"347";"todo";"346";"fazer";"325";"ele";"289";"sua";"288";"me";"287";"seu";"279";"ver";"279";"saber";"252";"poder";"229";"lhe";"202";"outro";"201";"nem";"197";"minha";"194";"tão";"191";"já";"186";"carlos";"183";"sem";"175";"homem";"164";"ou";"164";"meu";"160";"querer";"158"
"64";"José Agostinho de Macedo";"Sermao Contra o Filosofismo do Séeculo XIX";"1811";"macedo1811.txt";"19th Century";"10279";",";"1361";"de";"809";"e";"567";"a";"456";"que";"439";"o";"393";"em";"197";".";"182";"se";"156";"não";"145";"hum";"107";"razão";"98";"ser";"95";"mais";"93";"por";"90";"he";"85";"fazer";"77";"com";"77";"ou";"76";"sua";"72";"ter";"71";"?";"70";"huma";"62";"todo";"56";"eu";"54";"dizer";"53";"para";"51";"como";"50";"mesmo";"46";";";"45";"uso";"45";"homem";"44";"este";"43";"seu";"39";"mas";"37";"esta";"36";"tão";"34";"sem";"34";":";"34";"tanto";"34";"poder";"32";"vos";"32";"!";"31";"nem";"31";"nós";"31";"fé";"29";"porque";"28";"natural";"26";"deos";"26";"natureza";"25"
"65";"Joaquim Manuel de Macedo";"A Moreninha";"1844";"macedo1844.txt";"19th Century";"47221";",";"4300";"de";"2691";".";"2555";"a";"2239";"que";"1769";"o";"1598";"e";"1522";"em";"949";"ser";"821";"não";"748";"!";"733";";";"679";"se";"510";"com";"510";"por";"487";"um";"483";"?";"455";"para";"426";"eu";"421";"uma";"394";"ter";"379";"dizer";"377";":";"364";"..";"328";"ir";"322";"augusto";"313";"estar";"297";"seu";"291";"minha";"286";"d.";"285";"senhor";"283";"mais";"270";"sua";"247";"fazer";"236";"como";"226";"ela";"226";"mas";"223";"todo";"223";"me";"213";"ver";"211";"meu";"205";"haver";"204";"ele";"201";"poder";"193";"dar";"183";"querer";"170";"lhe";"167";"já";"146";"ainda";"141";"moço";"140"
"66";"Joaquim Manuel de Macedo";"Memórias da Rua do Ouvidor";"1878";"macedo1878.txt";"19th Century";"60088";"de";"6178";",";"5187";"a";"3038";"e";"2803";"o";"1982";".";"1968";"em";"1661";"que";"1653";"ser";"795";"por";"687";"não";"577";"com";"450";"se";"439";"rua";"431";";";"427";"ir";"387";"para";"381";"seu";"362";"mas";"354";"ter";"336";"mais";"333";"sua";"301";"um";"294";"@card@";"289";"!";"280";"ou";"274";"como";"262";":";"250";"casa";"235";"ouvidor";"229";"uma";"207";"ainda";"199";"dizer";"188";"fazer";"181";"loja";"177";"muito";"174";"depois";"159";"todo";"158";"haver";"157";"senhor";"157";"dar";"141";"dois";"139";"janeiro";"134";"outro";"132";"nem";"132";"ano";"130";"porém";"129";"rio";"127";"dia";"126";"eu";"126"
"67";"Machado de Assis";"Helena";"1876";"machado1876.txt";"19th Century";"56735";",";"4401";"a";"3794";"de";"3720";".";"3537";"o";"2251";"que";"1875";"e";"1557";";";"1176";"ser";"1093";"em";"1058";"não";"981";"um";"708";"estácio";"518";"com";"506";"heleno";"496";"ir";"465";"uma";"465";"se";"394";"?";"384";"dizer";"381";"para";"378";"ele";"371";"lhe";"358";"mas";"345";"por";"335";"ter";"324";"mais";"283";"ela";"270";"poder";"266";"fazer";"249";"como";"234";"haver";"230";"ver";"229";"todo";"220";"seu";"214";"!";"212";"estar";"208";"dar";"200";"d.";"191";"moço";"176";"ou";"175";"úrsula";"169";"sua";"162";"nem";"158";"outro";"153";"eu";"152";"casa";"150";"saber";"150";"olho";"150";"dois";"148"
"68";"Machado de Assis";"Iaiá Garcia";"1878";"machado1878.txt";"19th Century";"58661";",";"4610";"a";"3813";"de";"3807";".";"3470";"o";"2109";"que";"1998";"e";"1701";"não";"1237";";";"1228";"ser";"1215";"em";"1090";"um";"753";"uma";"545";"com";"519";"jorge";"490";"dizer";"488";"ir";"471";"mas";"438";"ter";"435";"lhe";"427";"se";"420";"?";"393";"para";"377";"ele";"370";"iaiá";"346";"estela";"343";"mais";"292";"por";"288";"poder";"271";"haver";"266";"fazer";"261";"ela";"250";"dia";"247";"outro";"244";"seu";"229";"ou";"219";"garcia";"218";"ver";"215";"luís";"212";"estar";"205";"como";"201";"sem";"194";"dar";"185";"todo";"181";"depois";"173";"sua";"171";"vez";"166";"moço";"164";"quando";"161";"coisa";"160"
"69";"Machado de Assis";"Memórias Póstumas de Brás Cubas";"1881";"machado1881.txt";"19th Century";"61893";",";"6882";"de";"3954";"a";"3709";".";"3338";"o";"2194";"que";"2179";"e";"1952";"ser";"1318";";";"1274";"não";"1150";"em";"1150";"um";"1019";"uma";"680";"com";"578";"ir";"490";"eu";"485";"dizer";"477";"se";"456";"mas";"410";"me";"385";"por";"381";"ter";"352";"para";"351";"!";"310";"outro";"305";"como";"279";"meu";"274";"?";"273";"mais";"269";"ele";"264";"estar";"252";"fazer";"227";"ou";"226";"poder";"215";"coisa";"213";"ver";"212";"haver";"205";"minha";"203";"@card@";"201";":";"195";"dar";"194";"virgília";"189";"todo";"174";"ela";"170";"muito";"168";"\num";"161";"\txt";"161";"lhe";"160";"dia";"159";"depois";"157"
"70";"Machado de Assis";"Casa Velha";"1885";"machado1885.txt";"19th Century";"22616";",";"2340";"de";"1327";".";"1304";"a";"1270";"que";"988";"e";"773";"o";"652";"ser";"510";"não";"505";"em";"455";";";"422";"para";"259";"ir";"249";"dizer";"248";"um";"230";"com";"206";"ter";"188";"mas";"185";"estar";"160";"por";"159";"se";"159";"?";"154";"uma";"152";"ela";"151";"poder";"139";"me";"134";"eu";"134";"outro";"132";"d.";"120";"fazer";"118";"lhe";"111";"antônia";"109";"ele";"103";"muito";"101";"coisa";"101";"como";"101";"depois";"100";"ver";"100";"tudo";"99";"casa";"98";"nada";"97";"dar";"92";"lalau";"89";"saber";"85";"mais";"84";"ou";"82";"falar";"81";"mesmo";"78";"haver";"72";"achar";"71"
"71";"Machado de Assis";"Quincas Borba";"1891";"machado1891.txt";"19th Century";"77979";",";"8456";"de";"4780";".";"4714";"a";"4453";"o";"3147";"que";"2822";"e";"2130";"ser";"1716";";";"1592";"não";"1496";"em";"1475";"um";"981";"ir";"842";"para";"709";"rubião";"696";"?";"653";"mas";"639";"por";"612";"com";"609";"se";"579";"uma";"562";"ter";"540";"dizer";"496";"ele";"475";"estar";"439";"!";"403";"outro";"380";"poder";"371";"ver";"366";"lhe";"344";"sofia";"344";"fazer";"320";"mais";"311";"dar";"309";"haver";"304";"como";"283";"ou";"266";"ela";"250";"todo";"240";"nem";"237";"sem";"236";":";"225";"maria";"225";"casa";"223";"@card@";"223";"senhor";"220";"vir";"207";"mesmo";"201";"amigo";"200";"\num";"200"
"72";"Machado de Assis";"Dom Casmurro";"1899";"machado1899.txt";"19th Century";"67001";",";"6847";"a";"3827";"de";"3783";".";"3689";"que";"2683";"o";"2329";"e";"2178";"ser";"1765";"não";"1533";"em";"1275";";";"1085";"um";"819";"ir";"736";"mas";"608";"se";"577";"para";"543";"com";"535";"eu";"531";"dizer";"500";"por";"498";"me";"488";"uma";"435";"ter";"433";"como";"373";"minha";"371";"?";"361";"fazer";"358";"capitu";"341";"mais";"336";"outro";"328";"estar";"307";"haver";"303";"ele";"302";"poder";"299";"dia";"298";"!";"282";"ver";"277";"ou";"276";"dar";"268";"nem";"242";"lhe";"237";"mãe";"230";"meu";"229";":";"225";"ela";"224";"querer";"222";"todo";"213";"mesmo";"191";"quando";"191";"tudo";"189"
"73";"Joaquim Nabuco";"O Abolicionismo";"1883";"nabuco1883.txt";"19th Century";"63837";",";"5865";"de";"5862";"a";"3915";"o";"2885";"que";"2163";"em";"1771";"e";"1752";".";"1572";"ser";"1420";"por";"973";"não";"936";"se";"580";"escravo";"559";"um";"553";"para";"548";";";"532";"@card@";"519";"uma";"463";"escravidão";"444";"ter";"435";"como";"423";"todo";"410";"com";"394";"poder";"373";"mais";"368";"seu";"328";"haver";"303";"ir";"302";"sua";"281";"ou";"270";"lei";"247";"fazer";"241";"mas";"226";":";"222";"ele";"213";"estar";"207";"esse";"207";"mesmo";"205";"país";"203";"brasil";"193";"essa";"185";"outro";"185";"ela";"159";"ano";"158";"senhor";"154";"estado";"145";"homem";"142";"sem";"141";"parte";"138";"sobre";"133"
"74";"Raul Pompeia";"O Ateneu";"1888";"pompeia1888.txt";"19th Century";"62219";",";"6825";"de";"6298";"a";"3955";".";"3240";"o";"2868";"em";"1647";"e";"1188";"que";"1176";"um";"891";";";"704";"ser";"691";"por";"617";"como";"601";"uma";"578";"com";"563";"para";"493";"não";"457";"!";"369";"mais";"316";"se";"283";"ir";"252";"ter";"243";"eu";"236";"haver";"205";"todo";"198";":";"195";"fazer";"191";"me";"172";"sobre";"168";"sem";"156";"aristarco";"148";"depois";"134";"ver";"131";"estar";"130";"meu";"128";"outro";"124";"vez";"123";"dia";"119";"dois";"115";"grande";"108";"diretor";"107";"primeiro";"104";"mas";"103";"ainda";"99";"quando";"98";"ateneu";"95";"ele";"92";"vir";"91";"muito";"88";"ou";"88"
"75";"Eca de Queiroz";"O Primo Basílio";"1878";"queiroz1878.txt";"19th Century";"122859";",";"12443";"a";"7187";"de";"7008";".";"6986";"o";"4748";"!";"3741";"e";"3303";"que";"2965";"em";"2813";"um";"2041";";";"1871";"ser";"1852";"com";"1833";"uma";"1565";"não";"1409";":";"1408";"ter";"1284";"?";"1159";"ir";"1102";"dizer";"1014";"estar";"990";"por";"981";"para";"937";"se";"924";"luísa";"829";"muito";"732";"mas";"727";"seu";"677";"fazer";"637";"sua";"587";"como";"567";"ela";"556";"ver";"512";"jorge";"482";"vir";"448";"haver";"420";"sebastião";"407";"todo";"404";"eu";"385";"juliana";"384";"mais";"375";"dar";"373";"lhe";"370";"senhor";"369";"ele";"367";"então";"353";"basílio";"347";"querer";"340";"..";"335";"olhar";"312"
"76";"Eca de Queiroz";"A Relíquia";"1887";"queiroz1887.txt";"19th Century";"86614";",";"10154";"de";"7465";"a";"4999";"o";"3587";".";"3411";"e";"3049";"em";"2502";"que";"1913";"!";"1361";"um";"1277";";";"1140";"com";"1061";"uma";"919";"por";"771";"ser";"769";"para";"640";"eu";"608";"como";"505";"seu";"499";"ir";"463";"se";"430";"não";"422";":";"411";"meu";"374";"ter";"356";"sua";"342";"senhor";"313";"minha";"310";"titi";"303";"me";"301";"?";"292";"todo";"288";"mais";"282";"sobre";"273";"mas";"260";"dizer";"256";"estar";"250";"onde";"235";"..";"224";"entre";"221";"fazer";"220";"ele";"202";"ela";"195";"depois";"190";"topsius";"186";"mão";"174";"ver";"166";"outro";"164";"lá";"163";"já";"158"
"77";"Eca de Queiroz";"Os Maias";"1888";"queiroz1888.txt";"19th Century";"218011";",";"25068";"de";"15511";".";"11778";"a";"11390";"o";"9423";"e";"6229";"em";"6082";"que";"5280";"um";"3260";"!";"3043";"ser";"2935";"com";"2872";"uma";"2322";"não";"2169";"para";"1821";"por";"1807";"carlos";"1798";":";"1662";"ter";"1642";"se";"1528";"ir";"1433";"?";"1338";"seu";"1238";"ele";"1236";";";"1184";"ega";"1124";"como";"1122";"dizer";"1034";"estar";"1000";"mas";"960";"sua";"935";"todo";"919";"mais";"798";"ela";"780";"fazer";"745";"haver";"704";"lhe";"691";"já";"671";"ver";"671";"..";"641";"muito";"612";"eu";"591";"outro";"589";"depois";"562";"então";"523";"dar";"519";"dois";"496";"vir";"491";"mão";"484";"sobre";"480"
"78";"Eca de Queiroz";"A Ilustre Casa de Ramires";"1900";"queiroz1900.txt";"19th Century";"106258";",";"12965";"de";"8224";"a";"5441";"o";"5236";".";"5131";"e";"3487";"em";"3109";"que";"2642";"!";"2300";"com";"1664";"por";"1308";"um";"1177";"para";"1038";"se";"1006";"não";"911";"uma";"843";"ser";"798";":";"792";"gonçalo";"723";"como";"602";"?";"596";"mas";"551";"seu";"536";"..";"443";"sua";"425";"mais";"420";"todo";"415";"ele";"372";"depois";"368";"d.";"352";"ramires";"336";"torre";"322";"sobre";"319";"lhe";"309";"tão";"306";"fidalgo";"305";"cavaleiro";"296";"eu";"280";"já";"278";"ter";"266";"sr";"263";"ainda";"259";"graça";"256";"ir";"248";"então";"242";"bem";"240";"muito";"235";"homem";"232";"até";"229";"sem";"227"
"79";"Visconde de Taunay";"Inocencia";"1872";"taunay1872.txt";"19th Century";"51472";",";"4774";"de";"3288";".";"2443";"a";"2364";"o";"1944";"e";"1577";"que";"1492";"em";"1165";"...";"984";"ser";"879";"não";"735";"com";"715";"!";"574";"?";"549";"um";"519";"por";"504";"se";"443";"para";"424";"uma";"355";"ir";"340";"cirino";"322";"ter";"308";"estar";"306";";";"284";"haver";"283";"dizer";"277";"pereira";"269";"como";"267";"todo";"258";":";"250";"..";"245";"eu";"230";"mais";"230";"muito";"227";"mas";"218";"lhe";"209";"fazer";"208";"me";"200";"seu";"191";"sua";"187";"ele";"185";"ver";"183";"dar";"162";"bem";"157";"já";"152";"ou";"148";"então";"146";"querer";"142";"meu";"140";"quem";"136"
"80";"Julia Lopes de Almeida";"A Falencia";"1901";"almeida1901.txt";"20th Century";"73935";",";"6416";"de";"4962";"a";"4358";".";"4316";"o";"2994";"e";"2057";"que";"1998";"em";"1916";"ser";"1176";"não";"1008";"com";"958";"para";"938";"um";"914";"!";"886";";";"790";"por";"774";"uma";"648";"?";"643";"ter";"570";"se";"567";"ir";"554";"seu";"517";"ele";"446";":";"432";"sua";"412";"estar";"391";"ela";"378";"todo";"353";"como";"335";"fazer";"309";"dizer";"309";"mais";"284";"teodoro";"280";"eu";"273";"outro";"260";"ver";"258";"mas";"248";"lhe";"242";"muito";"240";"casa";"237";"haver";"237";"camila";"231";"já";"216";"só";"205";"bem";"199";"francisco";"192";"saber";"190";"quando";"186";"filho";"182";"olhar";"179"
"81";"Julia Lopes de Almeida";"A Intrusa";"1905";"almeida1905.txt";"20th Century";"55344";",";"3946";"a";"3356";"de";"3266";".";"2414";"o";"2066";"que";"1728";"e";"1415";"!";"1337";"em";"1255";"ser";"1035";"...";"1010";"não";"994";"para";"651";"por";"645";"?";"641";"um";"597";"com";"575";"ter";"538";"uma";"534";"se";"445";"ela";"419";";";"404";"ir";"398";"estar";"376";"eu";"362";"como";"321";":";"316";"sua";"309";"minha";"301";"mas";"285";"seu";"268";"dizer";"252";"ver";"248";"ele";"246";"argemiro";"242";"mais";"241";"fazer";"236";"casa";"220";"me";"218";"filho";"214";"todo";"202";"já";"179";"outro";"176";"lhe";"175";"bem";"168";"mulher";"167";"saber";"166";"alice";"163";"poder";"153";"muito";"151"
"82";"Fialho de Almeida";"Aves Migradoras";"1921";"almeida1921.txt";"20th Century";"163602";",";"6150";"de";"4176";"a";"2952";".";"2332";"o";"1831";"e";"1765";"em";"1418";"que";"1241";"por";"589";"ser";"542";"um";"527";"uma";"439";"com";"430";"!";"397";"não";"388";"se";"339";"ter";"327";"para";"283";"como";"279";"ir";"278";"sua";"263";"todo";"251";"fazer";"247";";";"236";"seu";"228";"mais";"228";"dizer";"195";":";"194";"?";"188";"sem";"169";"ella";"164";"estar";"144";"lhe";"139";"vir";"138";"grande";"136";"dar";"135";"eu";"132";"ou";"132";"velho";"130";"*";"130";"elle";"128";"mas";"117";"outro";"113";"já";"111";"casa";"105";"luiza";"103";"poder";"95";"n'uma";"92";"vez";"91";"tudo";"91"
"83";"Lima Barreto";"O Triste Fim de Policarpo Quaresma";"1915";"barreto1915.txt";"20th Century";"66829";",";"6699";"de";"4399";"a";"3578";".";"3113";"o";"2932";"e";"2493";"que";"1667";"em";"1599";"ser";"1212";"não";"1133";"um";"954";"com";"723";"se";"714";";";"654";"uma";"625";"ter";"594";"ir";"575";"por";"571";"seu";"516";"sua";"504";"?";"490";"para";"471";":";"451";"...";"441";"ele";"424";"!";"412";"estar";"387";"mas";"338";"mais";"336";"fazer";"335";"haver";"322";"como";"320";"todo";"288";"dizer";"271";"ver";"236";"quaresma";"214";"vir";"207";"muito";"196";"major";"191";"saber";"191";"coisa";"190";"quando";"186";"ela";"183";"lhe";"181";"aquele";"181";"dar";"180";"outro";"176";"já";"175";"mesmo";"165";"casa";"159"
"84";"Lima Barreto";"O Cemitério dos Vivos";"1920";"barreto1920.txt";"20th Century";"48286";",";"5547";"de";"3504";".";"2304";"a";"2137";"o";"1699";"e";"1662";"que";"1583";"em";"1232";"ser";"943";"não";"864";"um";"683";"ter";"578";"me";"547";"com";"529";"por";"482";";";"473";"para";"450";"uma";"390";"eu";"377";"ele";"363";"se";"363";"mas";"339";"ir";"332";"mais";"327";"meu";"281";"minha";"265";"todo";"254";"outro";"242";"fazer";"240";"haver";"239";"sua";"228";"estar";"219";"como";"218";"dizer";"211";"ou";"198";"seu";"194";"muito";"187";":";"184";"dar";"179";"ver";"153";"poder";"148";"mesmo";"147";"?";"140";"coisa";"134";"ela";"133";"quando";"132";"sem";"129";"dia";"119";"saber";"119";"!";"118"
"85";"Lima Barreto";"Clara dos Anjos";"1948";"barreto1948.txt";"20th Century";"50102";",";"6079";"de";"3584";"a";"2531";".";"2463";"o";"1890";"e";"1718";"que";"1543";"em";"1212";"ser";"976";"não";"897";";";"602";"com";"590";"um";"544";"por";"494";"se";"493";"para";"488";"ter";"463";"seu";"419";"ir";"408";"ele";"406";"sua";"396";"uma";"353";"fazer";"318";":";"309";"?";"296";"mas";"284";"estar";"256";"haver";"254";"!";"252";"todo";"248";"cassi";"248";"mais";"235";"casa";"210";"dizer";"208";"como";"197";"quando";"175";"lhe";"170";"ela";"166";"filho";"165";"muito";"161";"dar";"160";"poder";"159";"saber";"152";"ou";"145";"sem";"133";"meneses";"133";"ver";"129";"outro";"128";"coisa";"120";"pai";"118"
"86";"Euclídes da Cunha";"Os Sertoes";"1902";"cunha1902.txt";"20th Century";"155749";",";"18300";"de";"13292";"a";"9587";".";"7716";"o";"6839";"em";"5322";"e";"4667";"que";"2781";"por";"2072";"um";"1703";"se";"1347";";";"1320";"ser";"1204";"uma";"1125";"para";"1070";"não";"915";"todo";"856";"mais";"851";"com";"798";"como";"547";"@card@";"541";"ou";"522";"ir";"518";"ter";"492";"sem";"481";":";"474";"sobre";"442";"mesmo";"419";"fazer";"403";"dia";"394";"outro";"381";"aquele";"369";"entre";"338";"sua";"325";"ali";"311";"haver";"310";"até";"293";"mas";"291";"dois";"279";"ver";"263";"onde";"261";"depois";"258";"primeiro";"245";"estar";"238";"este";"234";"vez";"223";"grande";"220";"ainda";"219";"terra";"217";"pouco";"215"
"87";"Santos Dumont";"O Que Eu Vi; o Que Nós Veremos";"1918";"dumont1918.txt";"20th Century";"12630";",";"1292";"de";"995";"a";"603";".";"505";"o";"502";"que";"369";"em";"354";"e";"307";"ser";"181";"um";"174";"#";"150";"@card@";"137";"para";"123";";";"119";"por";"117";"não";"112";"ir";"102";"se";"101";"ter";"100";"meu";"99";"uma";"90";"com";"87";"mais";"81";"fazer";"75";"me";"62";"grande";"60";"todo";"57";"ele";"56";"aeroplano";"55";"minha";"54";"...";"53";"eu";"52";"haver";"52";"estar";"51";":";"49";"ano";"46";"pois";"46";"balão";"44";"poder";"43";"ver";"42";"!";"41";"motor";"41";"seu";"36";"primeiro";"32";"campo";"31";"aéreo";"30";"como";"30";"muito";"30";"quando";"29";"já";"28"
"88";"Machado de Assis";"Esaú e Jacó";"1904";"machado1904.txt";"20th Century";"72711";",";"7566";"a";"4878";"de";"4448";".";"4388";"o";"2760";"que";"2706";"e";"2347";"ser";"1696";"não";"1637";"em";"1331";"um";"879";";";"868";"ir";"749";"se";"731";"por";"635";"com";"573";"mas";"565";"uma";"510";"para";"510";"ter";"442";"dizer";"421";"ele";"411";"outro";"391";"mais";"361";"ou";"353";"poder";"351";"lhe";"335";"fazer";"325";"?";"318";"como";"312";"ver";"299";"estar";"285";"dar";"277";"nem";"276";"haver";"276";"dois";"274";"ela";"264";"saber";"256";"querer";"243";"mesmo";"242";"também";"228";"flora";"218";"paulo";"212";"quando";"207";"sem";"203";"pedro";"197";"só";"186";"natividade";"185";"todo";"182";"tudo";"179"
"89";"Machado de Assis";"Memorial de Aires";"1908";"machado1908.txt";"20th Century";"51375";",";"4598";"de";"3357";"a";"3132";".";"2888";"que";"2141";"e";"1812";"o";"1702";"não";"1223";"ser";"1065";"em";"869";";";"764";"ir";"698";"com";"480";"se";"478";"dizer";"478";"mas";"432";"um";"399";"para";"394";"me";"374";"por";"360";"ter";"342";"eu";"341";"ele";"341";"ela";"284";"estar";"269";"ou";"265";"lhe";"264";"uma";"245";"mais";"241";"outro";"239";"fazer";"234";"poder";"232";"ver";"229";"também";"219";"tristão";"218";"fidélia";"215";"haver";"214";"@card@";"208";"vir";"202";"saber";"200";"dar";"197";"dois";"193";"aguiar";"191";"já";"185";"como";"180";"nem";"173";"d.";"172";"falar";"169";"carmo";"169";"querer";"168"
"90";"Antonio de Alcantara Machado";"Brás; Bixiga e Barra Funda";"1927";"machado1927.txt";"20th Century";"10474";".";"1195";"de";"709";"o";"514";"a";"412";",";"389";"em";"300";"!";"298";"e";"226";"que";"170";"ser";"161";"não";"136";"?";"117";"um";"109";"com";"94";"para";"88";"ir";"71";":";"70";"uma";"63";"por";"58";"dar";"55";"estar";"51";"você";"46";"mais";"45";"seu";"44";"ter";"42";"ele";"40";"se";"39";"ficar";"39";"dizer";"38";"eu";"38";"mesmo";"36";"mas";"34";"como";"33";"rua";"32";"todo";"32";"só";"31";"ver";"31";"saber";"31";"dono";"29";"sua";"27";"fazer";"27";"já";"27";"senhor";"27";"também";"26";"gente";"26";"outro";"26";"querer";"26";"bianca";"26";"muito";"24";"vir";"24"
"91";"Antonio de Alcantara Machado";"Mana Maria";"1936";"machado1936.txt";"20th Century";"17830";".";"1726";",";"1043";"de";"1027";"o";"777";"a";"745";"que";"495";"em";"488";"não";"396";"e";"362";"ser";"332";":";"271";"um";"225";"se";"219";"maria";"209";"?";"209";"com";"207";"!";"199";"para";"198";"uma";"188";"mano";"167";"ir";"157";"ter";"135";"por";"135";"estar";"105";"ela";"102";"mas";"101";"dizer";"95";"você";"95";"ele";"93";"mais";"90";"fazer";"86";"samuel";"83";"tio";"81";"falar";"78";"eu";"77";"querer";"76";"dar";"75";"joaquim";"74";"dr";"73";"como";"72";"sua";"72";"pai";"70";"seu";"62";"lhe";"61";"olhar";"61";"saber";"61";"já";"60";"carlota";"60";"filho";"58";"ficar";"54"
"92";"Lindolfo Rocha";"Maria Dusá";"1910";"rocha1910.txt";"20th Century";"69474";",";"8152";"de";"4468";".";"3893";"a";"3566";"o";"2728";"e";"2157";"que";"1978";"em";"1858";"não";"1112";"ser";"1110";"!";"1052";"um";"721";"por";"656";"se";"624";"com";"604";"estar";"592";"ter";"558";"?";"532";"para";"486";"ir";"467";"uma";"441";"eu";"435";":";"400";"dizer";"396";";";"382";"dusá";"363";"mais";"349";"como";"315";"mas";"311";"seu";"274";"porque";"265";"sua";"265";"ver";"263";"ele";"241";"dar";"238";"fazer";"230";"saber";"215";"ou";"213";"casa";"212";"mineiro";"211";"me";"209";"ela";"204";"querer";"202";"poder";"198";"mesmo";"192";"já";"191";"lhe";"187";"isso";"182";"quem";"180";"maria";"176"
